{
  "mu10720m":{
    "energy":[
      -2647.7724511860674,
      -2647.7740534701684,
      -2647.8818131276898,
      -2647.8831498993914,
      -2647.9550310728459,
      -2647.9522119192525,
      -2647.9209873152413,
      -2648.0330762142239,
      -2647.9831590128647,
      -2648.0050771308074,
      -2648.0892554703014,
      -2648.0823230773626,
      -2648.2057556728514,
      -2648.1424742105773,
      -2648.2105760920495,
      -2648.2408730721349,
      -2648.3052103699915,
      -2648.3241944584606,
      -2648.4034142978908,
      -2648.3780376709915,
      -2648.5264803122795,
      -2648.5943793262854,
      -2648.6904359922187,
      -2648.7619135890118,
      -2648.7712722970141,
      -2648.9127140441333,
      -2648.9532191111484,
      -2649.0742231490881,
      -2649.227347014762,
      -2649.3493505537199,
      -2649.4095340213503,
      -2649.6404194372976,
      -2649.8800091516732,
      -2650.0277888379746,
      -2650.2620143250674,
      -2650.6054592073688,
      -2651.1399742958019,
      -2651.4465504398081,
      -2652.1953935429019,
      -2652.9767573849417,
      -2656.3076855469226,
      -2658.8903495844133,
      -2662.3776514255783,
      -2664.8407496541022,
      -2666.6474173399856,
      -2667.9720143763066,
      -2668.5792166164774,
      -2668.8563938034417,
      -2668.8843694219977,
      -2668.8862476979916
    ],
    "heat_capacity":[
      0.00063646408001397905,
      0.00056056370190950841,
      0.00061768804650214732,
      0.00060337948241057278,
      0.00061750623353062353,
      0.00071121362658867779,
      0.00066066243767172017,
      0.00070898343985203885,
      0.00064963352224431587,
      0.00095206463372472501,
      0.00071072382873360856,
      0.00088686940960455674,
      0.00086211467819898751,
      0.0011948766057339926,
      0.0011008274999533996,
      0.0010440431862138307,
      0.0012001797725391253,
      0.0011975459887357371,
      0.0013281439222279023,
      0.0017975219841046316,
      0.0017027078196287337,
      0.0016599683300997758,
      0.0025987195478379618,
      0.0022034393963417569,
      0.0027030444740101696,
      0.0022794775013761097,
      0.0028096102591445853,
      0.0028802899919370779,
      0.0036589206595866604,
      0.0038672816707051947,
      0.0036176885987421548,
      0.0052531471871421339,
      0.0073481599953350114,
      0.0060278160716989628,
      0.0082225590559329171,
      0.0094242639553909473,
      0.011336009046472931,
      0.012291628137553131,
      0.016946261655408031,
      0.030364622497985636,
      0.067130901926891973,
      0.071400172359976172,
      0.071415386198588393,
      0.043928060029502496,
      0.045496449330751504,
      0.025647710820010754,
      0.0084565391540996696,
      0.0017213724106519589,
      0.00030054719916731515,
      0.00020430974185599646
    ],
    "mu":-1.072,
    "singlets":[
      -0.025464665353344559,
      -0.02336446635533548,
      -0.019723722762773177,
      -0.021797762022379007,
      -0.024989210107897564,
      -0.027263627363725344,
      -0.029164768352315636,
      -0.033058969410303042,
      -0.028370276297235767,
      -0.023702122978769669,
      -0.025187108128917664,
      -0.034350436495634337,
      -0.045800261997377974,
      -0.026064519354805599,
      -0.042064659353405011,
      -0.038284377156226151,
      -0.033242947570522492,
      -0.045231687683120213,
      -0.041212187878122149,
      -0.039660803391964206,
      -0.046653353466462537,
      -0.038678053219466962,
      -0.053886021139787507,
      -0.053996040039597015,
      -0.053591424085757206,
      -0.049662103378963769,
      -0.051621563784358962,
      -0.068551934480651527,
      -0.066789152108475455,
      -0.079652183478163691,
      -0.066168518314812616,
      -0.08522822771771793,
      -0.10542228577714091,
      -0.1019003009969862,
      -0.12107218927810534,
      -0.12557260427395869,
      -0.14867581324186904,
      -0.15012935870641345,
      -0.18241199588004423,
      -0.19902668973310297,
      -0.24246303536964611,
      -0.24401107988921697,
      -0.35722950770497452,
      -0.41254551454482685,
      -0.45294471055283947,
      -0.4818374216257964,
      -0.49418063819304758,
      -0.49928698713002068,
      -0.50001325986739809,
      -0.50000279997200037
    ],
    "temperature":[
      2000.0,
      1960.204081632653,
      1920.408163265306,
      1880.612244897959,
      1840.8163265306121,
      1801.0204081632651,
      1761.2244897959183,
      1721.4285714285713,
      1681.6326530612243,
      1641.8367346938774,
      1602.0408163265304,
      1562.2448979591836,
      1522.4489795918366,
      1482.6530612244896,
      1442.8571428571427,
      1403.0612244897959,
      1363.2653061224489,
      1323.4693877551019,
      1283.6734693877549,
      1243.877551020408,
      1204.0816326530612,
      1164.2857142857142,
      1124.4897959183672,
      1084.6938775510203,
      1044.8979591836733,
      1005.1020408163265,
      965.30612244897952,
      925.51020408163254,
      885.71428571428567,
      845.91836734693868,
      806.12244897959181,
      766.32653061224482,
      726.53061224489795,
      686.73469387755097,
      646.93877551020398,
      607.14285714285711,
      567.34693877551013,
      527.55102040816325,
      487.75510204081627,
      447.95918367346934,
      408.16326530612241,
      368.36734693877548,
      328.57142857142856,
      288.77551020408163,
      248.97959183673467,
      209.18367346938774,
      169.38775510204081,
      129.59183673469386,
      89.795918367346928,
      50.0
    ]
  }
}